0|熵猜想的 C¹ 反例|构造光滑映射，检验熵与拓扑复杂度的关系。
1|连续统假设下的模型障碍|研究大型数学结构何时只有一种同构类型。
2|树上四状态信息重建|判断沿树传播的四状态信号能否被恢复。
3|带电时空的 Penrose 不等式|联系高维时空的质量、电荷与边界面积。
4|奇异集合的维数界|限制平稳几何对象中奇异点集合的大小。
5|没有小型好模的局部环|构造三维局部环，检验 Cohen–Macaulay 模的存在。
6|Kuga–Satake 对应的条件化归约|把 K3 曲面的代数对应问题联系到阿贝尔簇。
7|电子密度的表示障碍|研究真实电子密度能否由非相互作用电子重现。
8|特征二的群环反例|构造 ab=1 而 ba≠1 的代数例子。
9|奇特征的群环反例|在奇数特征下检验单侧逆与双侧逆的关系。
10|除环中的无限维反例|研究代数生成的除环是否必须有限维。
11|超图覆盖猜想的反例|构造相交超图，检验覆盖顶点数的预期上界。
12|Wall 的 D(2) 问题|研究有限三维空间能否降为二维同伦模型。
13|群环行列式猜想的反例|检验群环矩阵的行列式下界。
14|无限拟阵的打包与覆盖|构造无法满足预期分割条件的无限拟阵。
15|Saxl 猜想的表示论证明|研究阶梯形表示的张量平方包含哪些表示。
16|最大割近似的计算难度|检验超过经典近似常数后是否仍能高效求解。
17|流体中的计算检测|用受外力驱动的黏性流体编码计算行为。
18|Laughlin 态的能隙|研究分数量子霍尔模型的最低激发能量。
19|一般图中的完美匹配计数|设计随机算法，近似计算完美匹配的数量。
20|五次三维簇的稳定条件|研究复几何对象上的 Gepner 稳定性。
21|随机逻辑公式的可满足阈值|寻找固定子句长度下随机 SAT 的临界密度。
22|随机平面地图上的行走|把离散随机游走联系到量子曲面上的布朗运动。
23|无大团图中的独立集|给不含指定完全子图的图建立独立集下界。
24|低内存子集和算法|减少判断一组选数能否得到目标和的空间消耗。
25|Cannon 猜想与双曲几何|联系群的球面边界与三维双曲空间作用。
26|经典与量子查询的差距|构造布尔函数，比较随机和量子查询次数。
27|有限格表示的反例|研究有限格能否成为有限代数的同余格。
28|双曲锥的矩阵表示障碍|构造不能写成有限线性矩阵不等式的锥。
29|四维群与流形模型|研究满足对偶性的群能否来自四维流形。
30|渗流关键点的数量|由共形交叉公式估计改变连通性的关键单元。
31|最短公共超串的近似|把多段字符串合并为长度接近最优的字符串。
32|素数处的多项式差值|限制不能出现指定素数多项式差的整数集合。
33|图性质的尖锐阈值|研究随机图性质从罕见到普遍的变化速度。
34|无法局部嵌入的曲面度量|构造不能光滑等距浸入三维空间的二维度量。
35|三维调和函数维数反例|比较曲率与体积条件下调和函数空间的维数。
36|无共轭点的三维流形|检验没有共轭点是否意味着可取非正曲率。
37|Baum–Connes 单射性的反例|研究无挠群的拓扑信息如何进入算子代数。
38|无挠群中的非平凡投影|检验约化群 C* 代数是否只有平凡投影。
39|无挠群环的单侧逆|构造无挠群，研究单侧可逆却非双侧可逆的现象。
40|无挠群环中的零因子|研究没有有限阶元素的群是否仍会产生零因子。
41|自旋一链的边界能隙|研究固定边界磁场能否维持统一能隙。
42|四维圆盘嵌入的边界障碍|研究仅由边界数据造成的嵌入困难。
43|欧氏 Ramsey 构型分类|判断有限点集何时必然出现单色全等副本。
44|Ricci 流中的曲率爆破|研究标量曲率有界时整体曲率仍可能发散。
45|特殊四维空间的基本群|研究带半权重除子的几何空间是否近似交换。
46|连续粒子系统的温度突变|构造径向相互作用，研究自由能导数的跳变。
47|Hadwiger 猜想的反例|比较图的着色数与最大完全图子式的阶数。
48|拟迹与张量积有限性|研究 C* 代数中的拟迹和稳定有限性。
49|Naimark 问题的反例|构造不可约表示都等价的无限维算子代数。
50|Sidorenko 猜想的反例|比较二部图的同态密度与预期下界。
51|Tachikawa 猜想的反例|研究没有自扩张的模是否必须为投射模。
52|高维调和函数维数比较|构造曲率非负的度量，检验调和维数界。
53|图不变量与着色的差距|比较着色数与 Colin de Verdière 不变量。
54|三边缘库仑输运的反例|研究最优输运能否总由确定性映射实现。
55|粗 Novikov 猜想的反例|研究大型离散空间的拓扑装配映射。
56|邻近拉格朗日猜想的反例|检验余切丛中的精确拉格朗日子流形。
57|积和式的行列式复杂度|估计用行列式近似表示积和式所需的规模。
58|辛三维二次曲面的不动点|构造 Hamilton 变换并研究其不动点数量。
59|稀薄玻色气体的凝聚界|研究基态中粒子占据常数轨道的比例。
60|与维数无关的熵不等式|联系次高斯对数凹测度的熵与函数梯度。
61|矩阵函数的常数二界|用数值域控制矩阵值多项式的大小。
62|有限相关随机环境中的方向律|判断随机游走逃向指定方向的概率。
63|严格椭圆环境中的方向律|研究独立随机环境下逃逸概率的零一性质。
64|无法有限维嵌入的集合|构造紧致加倍集合，研究距离保持嵌入的障碍。
65|素数 1009 处的 V(4) 复形|构造具有指定同调的有限稳定拓扑对象。
66|两种自由熵的差异|比较微状态与非微状态定义的自由熵。
67|没有光滑模型的零熵系统|研究抽象动力系统能否由光滑变换实现。
68|Calabi 流的有限时刻奇异性|研究 Kähler 度量演化中的曲率发散。
69|Eilenberg–Ganea 猜想的反例|比较群的上同调维数与几何维数。
70|没有固定代价的群|比较同一群不同保测度作用的代价。
71|Pixton 关系完备性的反例|研究曲线模空间中的关系是否涵盖全部约束。
72|没有 CAT(0) 几何作用的群|检验双曲群能否作用于非正曲率空间。
73|删除轨迹的字符串重建|减少从多份随机删字符样本恢复原串的次数。
74|图的环与边分解|把任意图分成线性数量的简单环和单边。
75|列表着色的线性上界|用最大完全图子式的阶数限制列表着色数。
76|局部 Penrose 不等式|研究 Schwarzschild–反德西特初值的小扰动。
77|四维圆盘嵌入的张量障碍|利用带标记的代数数据检测嵌入困难。
78|负曲率 Kähler 三维空间|研究是否存在有界的全纯坐标表示。
79|Borsuk 覆盖问题的九维反例|检验能否用更小直径集合覆盖给定点集。
80|Arnold 不动点下界的反例|比较 Hamilton 变换的不动点数与 Morse 数。
81|椭圆曲线的点态逆定理|联系有理二阶挠点、Selmer 群与解析秩。
82|三台机器的任务调度|为有先后约束的单位任务设计多项式算法。
83|强薄生成树的高效构造|构造跨过每个割集都较少的生成树。
84|Tingley 球面等距问题|研究球面等距映射能否延拓为线性等距映射。
85|Heilbronn 三角形下界|布置正方形中的点，使最小三角形面积更大。
86|多项式差值禁区的大小|限制不含指定相交多项式差值的整数集合。
87|平面平分直线的数量|估计把点集平分的点对有多少。
88|平面单位距离点对|改进平面点集中距离恰为一的点对上界。
89|没有平方差的整数集合|估计避免非零平方差的集合最多有多大。
90|投影体体积的反例|比较单纯形乘积与单纯形的归一化投影体积。
91|非 Stein 的万有覆盖|构造具有大型基本群的射影四维空间。
92|有向图的第二邻域|寻找二步可达点至少与一步邻居一样多的顶点。
93|Jacobsthal 函数的二次界|估计找到与指定整数互素数所需的区间长度。
94|连续系统的径向相变|研究衰减相互作用下自由能的相变。
95|高度三的色分裂障碍|用有理同伦数据检验稳定同伦中的分裂公式。
96|平面圆堆积的傅里叶证书|用傅里叶方法描述最优圆堆积密度。
97|凸体的熵与各向同性常数|比较单纯形与其他凸体的极值性质。
98|单格点覆盖的密度界|研究用一个格点的平移覆盖任意凸体。
99|切层自由的奇异曲面|检验切层自由是否足以保证曲面光滑。
100|三维环面的简单频谱|构造光滑保体积动力系统，研究其 Lebesgue 谱。
101|高温自旋玻璃的能隙|估计 SK 模型高温阶段的热浴动力学谱隙。
102|稳定坐标的反例|研究增加变量后成为坐标的多项式。
103|四行积和式的不等式|研究排列分布与积和式矩的尖锐界。
104|单叶函数的逆幂积分界|控制圆盘单叶映射的负一次幂积分均值。
105|布尔函数敏感性的差距|比较敏感度与块敏感度的增长关系。
106|全纯凸性的曲面反例|研究射影曲面的万有覆盖是否全纯凸。
107|三维非周期铺砖|构造能铺满空间却不能完全周期铺设的砖块。
108|二维量子系统的面积律|用全局能隙控制基态纠缠熵的增长。
109|低温自旋玻璃的混合速度|估计典型初态下 SK 热浴动力学的混合时间。
110|沿变方向的 Hilbert 变换|研究平面 Lipschitz 向量场上的统一算子界。
111|超图性质的影响度|估计对称超图性质中单条超边的影响。
112|包含所有有限表示群的群|构造满足有限性条件的通用群。
113|阿贝尔覆盖与 Hodge 猜想|研究 Jacobian 自乘积中的代数上同调类。
114|弱无序 Anderson 模型的谱|研究三维及更高维随机算子的连续谱。
115|Kähler 四维簇的丰沛性|研究非消失后伴随除子的半丰沛性。
116|正特征三维簇的丰沛性|研究数值维数为一时典范除子的半丰沛性。
117|装箱问题的整数差距|构造线性规划与实际装箱数相差很大的例子。
118|K3 二次轨迹上的 Hodge 类|联系代数 Kuga–Satake 对应与 Hodge 猜想。
119|K3 曲面的代数对应|研究 Kuga–Satake 对应能否由代数循环实现。
120|阿贝尔八维簇的 Weil 类|研究分裂 Weil 型空间中上同调类的代数性。
121|正交不变自旋玻璃的压强|计算具有随机正交特征向量的模型的极限压强。
122|一般图的近线性匹配算法|加快寻找顶点互不重叠的最大边集。
123|傅里叶级数的几乎处处收敛|研究 L log L 函数的对称部分和。
124|平稳几何对象的正则性|研究整数变分流形几乎处处是否光滑。
125|同胚奇点的不同重数|比较四个复变量中重数为四和五的超曲面。
126|重数二与三的同胚超曲面|检验嵌入拓扑是否决定奇点的重数。
127|编辑距离的近线性近似|快速估计两个字符串互相转换所需的操作数。
128|Artin 群的 CAT(0) 障碍|研究 Artin 群是否总有非正曲率几何作用。
129|圆盘极大算子的梯度界|控制取局部平均最大值后函数梯度的变化。
130|双曲锥的半正定提升|通过增加变量实现原本不可直接表示的锥。
131|有单元上界的列联表计数|近似统计满足行列和及容量限制的整数矩阵。
132|共同整数多拟阵基的计数|设计随机算法计数带二进制容量的共同基。
133|无限有限表示的单可和群|研究同时具有简单性、可和性与有限表示的群。
134|Gersten 猜想的整数反例|检验局部环到分式域的 K 理论映射是否单射。
135|三阶 Gersten 反例|研究混合特征局部环的三阶 K 理论。
136|Baum–Connes 的无理迹障碍|利用群算子代数中的无理投影迹检验猜想。
137|二维 O(3) 自旋场的粒子极点|研究连续极限中孤立粒子态的谱信号。
138|四维非负曲率空间的 Einstein 界|估计无迹 Ricci 张量与 Einstein 度量的差距。
139|二进制三角 Hilbert 形式|控制三个 L³ 输入组成的奇异积分。
140|三线性 Hilbert 变换|研究固定三个斜率下奇异积分的有界性。
141|无限小有限维数的代数|构造投射维数有限却没有统一上界的模。
142|欧拉函数值的数量|估计给定范围内不同欧拉函数值的个数。
143|三角格点的普遍最优性|比较各种完全单调势下格点的粒子能量。
144|SLE 曲线的精确测度|寻找使随机曲线具有有限正测度的 Hausdorff 标尺。
145|Auslander–Reiten 猜想的反例|研究模的扩张消失与投射性的关系。
146|SLE 的显式 Hausdorff 标尺|给出随机曲线精确测度中的对数修正。
147|复仿射空间的消去反例|研究乘上一条直线后相同的空间是否原本相同。
148|零纤维为仿射三维的多项式|检验零集是仿射空间是否意味着多项式是坐标。
149|核代数超幂嵌入的障碍|研究算子代数能否嵌入指定范数超幂。
150|精确离散傅里叶变换的加速|降低任意长度 DFT 的运算复杂度。
151|双向自动机取补的状态代价|估计非确定自动机表示补语言所需的状态数。
152|双向确定自动机的指数下界|研究关系乘积非空的判定需要多少状态。
153|无限有限表示周期群|构造每个元素阶数有限的无限群。
154|无限有限表示的剩余有限 2-群|研究有限 2-群近似与有限群表示的结合。
155|标量曲率与单纯体体积|联系积分标量曲率和拓扑单纯体体积。
156|自由群因子的同构|比较两个不同自由群产生的冯诺依曼代数。
157|三次 Gauss 和的平均|研究 Eisenstein 素数上的归一化指数和。
158|三角 Hilbert 变换的变差|控制对称点处环状截断随尺度的变化。
159|反典范丛的非消失|研究光滑半正度量能否产生非零代数截面。
160|两个拟阵共同基的近似计数|随机估计同时满足两个独立性约束的基数。
161|算子代数的近似铺分|研究相对极大交换子代数的分块近似。
162|Bondi Penrose 不等式|通过替换远端几何联系质量与边界面积。
163|对数 Calabi–Yau 空间的算术界|研究覆盖映射的次数在固定几何条件下的限制。
164|Bernoulli 卷积的算术分类|判断随机级数分布何时奇异或绝对连续。
165|格点群对应的算术性|研究局部域格点群的扭曲有限对应。
166|树空间中的凸性与距离扭曲|比较渐近中点凸性和菱形图嵌入的困难。
167|Littlewood 多项式的极值|优化系数为正负一的多项式在单位圆上的最大值。
168|多项式阈值函数的敏感度|估计随机翻转输入位改变判定结果的概率。
169|Kähler 纤维化的半丰沛性|研究对数光滑纤维化的模除子。
170|高度场与平面自旋的 BKT 普适性|研究粗糙阶段的高斯缩放极限。
171|超不变子空间问题|构造算子，研究是否存在共同保持的子空间。
172|平衡 Ryser 覆盖反例|在素数阶超图中检验顶点覆盖猜想。
173|单关系群的双曲性|研究没有 Baumslag–Solitar 子群的单关系群。
174|三层布尔电路的复杂度|寻找需要超过平方根指数规模的计算问题。
175|c₀ 的非线性吸收|比较 Banach 空间的距离结构与线性子空间。
176|RCD 空间的正则点坐标|寻找非塌缩曲率空间中的双 Lipschitz 坐标。
177|几何亏格零曲面的 Bloch 猜想|研究曲面上零维循环与 Albanese 映射。
178|三维铁磁体的 Bloch 定律|计算低温下自发磁化的温度修正。
179|三维 Bochner–Riesz 乘子|研究频率截断算子的有界性。
180|正温度硬球气体的凝聚|研究稀薄玻色硬球气体中的宏观占据。
181|时空 Penrose 边界变形|改变初值边界形状并保持质量与面积条件。
182|高斯素数中的有限步长行走|研究能否用统一有限步长无限跨越高斯素数。
183|反典范度量与环面商|研究有界反典范度量对应的几何分类。
184|各维的有界度扩张复形|构造局部连接数有限却具有强扩张的空间。
185|Fano 收缩的有界补余|研究固定维数与奇点条件下的补余除子。
186|模谱平均的有界恢复|从谱平均恢复冯诺依曼代数中的信息。
187|四维 Ricci 流的光滑延拓|研究标量曲率有界时演化能否越过有限时刻。
188|可逆反应网络的持续性|判断质量作用系统是否有界且不会耗尽组分。
189|Brennan 猜想与共形映射|研究共形导数负二次幂积分的尖锐界。
190|FK 平面地图的随机树极限|研究参数大于四时地图的连续随机树形状。
191|临界 Ising 模型的比较|用缓冲区和停止带控制临界模型的近似。
192|双曲 Kähler 空间的典范丰沛性|联系不存在整曲线与典范丛的正性。
193|亚临界 FK 地图的共形极限|把离散随机地图联系到连续量子曲面。
194|蜂窝格点自回避路径|研究三角区域中路径振幅与边界弦。
195|Voronoi 渗流的 Cardy 公式|描述临界平面随机划分的交叉概率。
196|Catalan 常数的无理性|研究交错奇数平方倒数和是否为有理数。
197|带计数的无选择计算|比较无序结构上的计算模型与多项式时间能力。
198|广义振幅阻尼的信道容量|计算量子比特信道传输经典信息的能力。
199|接近却不空间共轭的算子代数|研究距离很近的 C* 代数是否能由酉变换对应。
200|等变反典范截面的转移|利用上同调把群作用下的截面信息转移到原空间。
201|Kazhdan–Lusztig 多项式的不变性|研究 Bruhat 区间的组合结构是否决定多项式。
202|齐次正则序列与 Hilbert 函数|研究 Eisenbud–Green–Harris 猜想的代数形式。
203|Thorp 洗牌的混合速度|用条件熵与谱分析估计洗牌接近均匀所需的次数。
204|更快的矩阵乘法|研究小于 2.258 的乘法指数与矩形矩阵界。
205|快速衰减外力下的流体计算|研究黏性流体中的粒子能否检测计算停机。
206|随机 3-SAT 阈值的计算|研究可满足性临界密度是否为可计算实数。
207|坐标扫描与解析转移|分析近均匀坐标更新中的信息传播。
208|Kähler 四维簇的条件化极小模型|在给定猜想前提下研究好极小模型的存在。
209|确定性扫描中的条件信息|计算已知部分洗牌轨迹后剩余的不确定性。
210|揭示环境中的条件排列|分析已知一半标签路径后的 Thorp 洗牌分布。
211|临界随机簇界面的共形极限|把方格模型的离散界面联系到 SLE 曲线。
212|共形流与 Penrose 不等式|研究高维空间中质量与最小边界面积的关系。
213|弱相互作用下的 Ising 普适性|研究微小扰动后自旋和能量关联的共形极限。
214|最小未割问题的近似难度|研究把未切开的边最小化是否可常数近似。
215|有向反馈顶点集的近似难度|研究删除少量顶点消除有向环的计算代价。
216|最稀疏割的近似难度|研究寻找归一化边界最小的图分割。
217|正特征下的 Hecke 特征层|构造几何 Langlands 对应中的特征对象。
218|接触 Fano 流形的分类|联系接触复几何与四元数 Kähler 几何。
219|台球焦散附近的解析结构|研究凸台球中的连续相位叶状结构。
220|电子库仑基态的计算难度|研究给定二进制核电荷时近似基态能量的困难。
221|无大团图的对应着色|估计不含指定完全图的对应着色数。
222|高度二的 Hahn–Wilson 反例|检验稳定同伦中指定结构的存在。
223|度量熵对偶猜想的反例|比较空间与对偶空间覆盖数的关系。
224|弱色分裂的反例|研究球谱核与下降指数造成的分裂障碍。
225|临界 XY 模型的中心磁化|在伴随结果前提下估计中心自旋的磁化强度。
226|三维格点的临界渗流|研究临界点处是否还存在无限连通簇。
227|指定端点的蜂窝自回避路径|估计临界路径连接指定边界点的行为。
228|三维波方程的临界平滑性|研究波传播在局部时间平均下的正则化。
229|SK 模型的临界混合|估计临界温度下最坏初态的混合时间。
230|SK 模型的临界减速|研究临界点附近热浴动力学变慢的程度。
231|蜂窝格点中的条带穿越|计算临界自回避路径横穿条带的总权重。
232|Cuntz 比较与 Jiang–Su 吸收|联系算子代数中的严格比较与稳定性。
233|高温 SK 模型的截断现象|研究随机动力学突然接近平衡的时间窗口。
234|环与完全图的 Ramsey 数|估计双色图中必然出现单色环或完全图的规模。
235|循环长度与色不动点损失|研究有限 p-群作用下色层级的变化。
236|蜂窝格点的桥长窗口|研究临界桥路径长度集中在哪些对数尺度。
237|柱面环权重与平面嵌套|计算临界蜂窝环模型的增长指数。
238|八维 De Giorgi 猜想|研究八维空间中偏微分方程解的对称性。
239|超辛结构到超 Kähler 结构|研究四维空间中闭二形式三元组的变形。
240|一小块边界上的反问题|从边界测量恢复内部度量与酉联络。
241|素域多项式的确定性分解|设计无需随机性的完整因式分解算法。
242|各固定度的 Ramanujan 图|高效构造谱扩张很强的非二部正则图。
243|平均收益博弈的确定性算法|用拟多项式时间计算博弈的获胜集合。
244|三维曲面的傅里叶延拓|研究正曲率曲面上频率数据的空间传播。
245|菱形图嵌入的距离扭曲|由中点与树能量估计可数分支图的嵌入代价。
246|定向逃逸与线性速度|研究随机游走逃向一侧时是否有正极限速度。
247|受限桥路径的质量|估计蜂窝条带中临界桥的平均长度。
248|Donovan 猜想与模表示|研究固定亏群时群代数块的等价类型数量。
249|编辑距离嵌入 ℓ¹ 的代价|估计用向量距离表达字符串编辑距离的扭曲。
250|电磁尾部与 Penrose 不等式|研究外部电磁场对 Kerr–Newman 面积界的影响。
251|图着色函数的基正性|研究单位区间图着色函数的对称函数系数。
252|椭圆平方与 Zilber–Pink 问题|研究阿贝尔曲面模空间曲线上的特殊点。
253|球面的傅里叶限制|用椭圆容量传播研究三维球面延拓界。
254|平面 Schrödinger 方程的端点收敛|研究低正则初值下解逐点回到初值的行为。
255|高维 Schrödinger 方程的端点|研究高维量子演化的逐点收敛阈值。
256|不能提取密钥的纠缠|构造十维局部量子态，研究纠缠与保密能力。
257|完美匹配多面体的熵|联系匹配分布的不确定性与多面体面的维数。
258|负曲率下的熵等式|研究熵取等是否强制几何具有局部对称性。
259|时空 Penrose 等式的刚性|研究面积质量界取等时原初值的几何形状。
260|矩阵 Lieb–Thirring 的等式情形|分类一维矩阵谱不等式中达到最佳常数的对象。
261|素数次数环面包的等分布|研究全实数域产生的环面轨道如何分布。
262|四次数域环面包的等分布|研究任意整环阶对应的原始轨道集合。
263|六次数域环面包的等分布|研究理想类包在齐性空间中的极限分布。
264|可和群作用的 Jiang–Su 稳定性|研究群作用与有限算子代数的等变吸收。
265|无理角三角台球的遍历性|研究三角形中台球轨道能否均匀遍历相空间。
266|XY 关联长度的本质奇异性|研究 BKT 相变附近关联长度的剧烈增长。
267|指定外层的平展覆盖|研究 p 进双曲曲线满足外部条件的有限覆盖。
268|抽象模型的最终范畴性|研究基数足够大时结构是否只有一种同构类型。
269|K3 曲面的 Oka 性质|研究 K3 曲面上全纯映射的柔性。
270|四维 Kakeya 集的维数|研究包含各方向单位线段的集合有多大。
271|低 Selmer 余秩的精确 BSD 公式|联系椭圆曲线的解析秩与算术不变量。
272|对数空间计算的去随机化|研究 L、RL 与 BPL 的计算能力关系。
273|六阶复 Hadamard 矩阵|用精确傅里叶证书检验矩阵的消失条件。
274|列联表的精确均匀采样|随机生成满足任意行列和的非负整数矩阵。
275|L¹ 子空间的精确渐近模|研究 Daugavet 性质下范数的渐近几何。
276|二维 O(4) 模型的质量渐近|计算低温格点自旋模型的精确尺度。
277|反典范线性系统的精确阶数|研究群作用保持的截面与线性系统。
278|固定量子门集下的精确分解|设计完整输出整数素因子的多项式量子电路。
279|实数逻辑与计数层级|研究实数存在及全称语句的计算复杂度。
280|保持核心交换子的可和子代数|研究带条件期望的算子子代数结构。
281|匹配矩阵的指数半正定秩|估计用半正定矩阵表示匹配数据的复杂度。
282|二维 O(n) 模型的指数衰减|研究经典自旋模型中远距离关联的下降。
283|Lipschitz 自由空间的有界逼近|构造具有逼近性却无有界逼近性的离散空间。
284|色重叠的有限装配障碍|研究素数三处的高度三稳定同伦结构。
285|极大粗装配的单射障碍|研究有界几何空间中的粗拓扑信息。
286|正特征对称张量范畴的纤维函子|研究有限张量范畴与线性表示的联系。
287|一般素数处的滤过色分裂|用有序滤过组织局部化球谱的层级。
288|复配边中的滤过乘积|研究保持边界的压缩与零化限制。
289|编辑距离的有限圆构造|用二进制编码估计 ℓ¹ 嵌入的距离代价。
290|有限同余格的刻画与不可判定性|研究哪些有限格来自有限代数。
291|有限指令与无散剪切流|用三维不可压缩流体实现有限计算指令。
292|正则语言的广义星高度|研究描述有限自动机语言所需的嵌套深度。
293|不同素数处的 Smith–Toda 复形|构造具有指定同调的有限稳定拓扑对象。
294|Boone–Higman 猜想|联系群的可判定字问题与有限代数包络。
295|有限柱体覆盖的面积界|优化正四面体的有限柱体覆盖。
296|直纹集合的有限柱体近似|用有限柱体与截面方块逼近线段族。
297|局部化球谱的有限生成性|研究 K(n) 局部球谱同伦群的代数规模。
298|Kähler 四维簇的有限极小模型程序|研究负射线变换是否在有限步骤内停止。
299|带边界的四维极小模型程序|研究有理因子条件下的 Kähler 双有理变换。
300|精确傅里叶电路的张量节省|研究部分长度下低于 n log n 的傅里叶电路。
301|径向扫描的三角柱体近似|用有限三角底柱体覆盖沿径向排列的线段。
302|自反 Banach 空间的不动点|研究非扩张映射是否必有固定点。
303|弱无序随机正则图的谱普适性|比较固定能量处的特征值与 GOE 统计。
304|素数二处的 Fontaine–Mazur 模性|联系二维 2 进 Galois 表示与模形式。
305|六次对称幂的 Foulkes 猜想|比较不同顺序取对称幂产生的表示。
306|四维簇典范截面的非消失|用极小度量和移动射流研究典范截面。
307|Hecke 特征层的 Frobenius 结构|构造带 Weil 结构的几何特征对象。
308|Voronoi 近临界渗流的普适性|从临界交叉公式推出固定环境中的极限行为。
309|部分排列信息的傅里叶界|用局部已知排列控制完整排列的分布。
310|Fujita 自由性猜想|研究伴随线性系统何时没有基点。
311|零温 SK 参数的完整支撑|研究 Parisi 极小解覆盖哪些重叠值。
312|临界 SK 自关联的函数普适性|研究平稳自旋关联随时间的统一极限。
313|固定度随机正则图的体内谱|研究特征值局部统计与高斯正交系综的关系。
314|整数 Lipschitz 高度的高斯极限|把带权格点高度场联系到高斯自由场。
315|非正曲率空间的等周关系|比较边界面积、包围体积与欧氏等式刚性。
316|广义星高度至多四|研究正则语言表达式所需的嵌套层数。
317|广义星高度至多三|进一步压低正则语言的星运算嵌套深度。
318|库仑原子的电离能|估计从多电子原子移除外层电子的能量代价。
319|中性原子的外层电子半径|研究原子最外侧电子分布的空间范围。
320|Kerr 时空的 C¹ 不可延拓性|研究旋转黑洞附近一般扰动的未来边界。
321|Kerr 附近的弱正则不可延拓性|检验平方可积联络下时空还能否延拓。
322|无散外力的几何程序|构造周期外力，用流体粒子执行几何计算。
323|Alexandrov 空间的分布曲率刻画|用弱曲率条件识别具有下曲率界的度量空间。
324|尖点参数的 Arthur 增强|在指定分解前提下组织全局自守参数。
325|VII 类极小曲面的球壳|研究紧复曲面是否具有全局球壳结构。
326|弱 MTW 条件下的全局支撑|研究最优输运几何中的凸性与单射区域。
327|光滑弹性反问题的唯一性|从边界位移和牵引数据恢复内部弹性参数。
328|相对论 Vlasov–Maxwell 系统|研究三维粒子与电磁场的全局经典演化。
329|无理层级的量子几何 Langlands|研究无分歧量子几何对应中的范畴等价。
330|椭圆曲线扭转的秩分布|研究 Goldfeld 密度猜想与二次扭转。
331|图的整数期望阈值分解|研究图分割与组合期望阈值的关系。
332|稀薄硬球气体的基态凝聚|研究三维玻色硬球基态的宏观占据。
333|低于稳定 Morse 数的不动点|构造 Hamilton 变换，检验预期不动点下界。
334|二十二维的不动点反例|在固定二十二维中研究稳定 Morse 下界。
335|硬球体系的涨落|研究非平衡 Boltzmann 时间范围内的中心极限。
336|三色图大独立集的计算难度|研究容易着色的图中寻找大独立集的困难。
337|Artin 群的 K(π,1) 猜想|研究 Salvetti 复形是否为无高阶同伦空间。
338|任意偏置布尔函数的 Hellinger 收缩|研究信息距离经过布尔输出后如何衰减。
339|有理数上的 Hilbert 第十问题|研究算法能否判定多项式有无有理解。
340|五层矩阵乘积电路的下界|估计齐次算术电路计算连续矩阵乘积的规模。
341|没有半正定提升的双曲锥|研究增加变量是否总能实现矩阵表示。
342|不可压缩流中的箱体输运|用保体积流体实现有限仿射计算。
343|L¹ 独立乘积与中点凸性|研究渐近中点凸性与可重赋范性的差别。
344|球面上的无限闭测地线|研究任意光滑球面度量中的闭合最短路径。
345|低于 n log n 的整数乘法|改进两个 n 位整数相乘的最坏时间复杂度。
346|有理连通空间的分裂切丛|研究全纯切丛分解的两部分是否可积。
347|可积度量与受控边界|研究带边界反典范度量何时产生有效除子。
348|Witt 向量上的 Donovan 有限性|研究有限群代数块的整数等价类型。
349|整数与分数期望阈值|比较两种组合期望阈值是否只差统一常数。
350|曲线特征簇上的整点|研究 SL 表示空间中整点的代数稠密性。
351|平面 Mumford–Shah 极小解|研究图像分割能量的内部光滑性与裂纹结构。
352|不变反典范指数|研究紧环面作用下扭曲微分形式的转换。
353|无理旋转的不变投影反例|研究圆周权重与指定投影结构的障碍。
354|具有 K3 范畴的无理三次四维簇|研究几何 K3 范畴与四维簇的有理性。
355|Kadison 相似性问题|用统一导子估计研究代数同态的相似变换。
356|Koebe 圆域猜想|研究任意球面区域能否共形等价于圆域。
357|有界树宽图的 L¹ 嵌入|估计图最短路距离嵌入向量空间的扭曲。
358|Lech 重数猜想|研究平坦局部环映射下的重数变化。
359|从支撑提升代数截面|研究伴随除子截面从约化支撑到整体的提升。
360|随机 3-SAT 停时的线性方差|计算公式首次失去可满足性时刻的涨落。
361|距离等价却不线性同构的空间|比较 Banach 空间的非线性距离与线性结构。
362|精确高斯观测的信息增长|研究有限消息的定位代价与信息恢复。
363|条件化 Kähler 对数丰沛性|在对数 Iitaka 次可加性前提下研究丰沛性。
364|特征零的对数丰沛性|研究任意维数中伴随除子的半丰沛性。
365|正特征三维的对数丰沛性|研究数值维数为一时的伴随除子。
366|对数 Kodaira 维数与纤维变化|比较整体、底空间和纤维的几何复杂度。
367|弱无序 Ising 模型的对数涨落|在指定参考估计下控制相对二阶矩。
368|带标记多边形的关联|研究临界蜂窝模型中多边形质量与单弧界。
369|固定长度蜂窝路径的覆盖指数|估计自回避路径的质量与空间覆盖尺度。
370|矩阵乘法指数的 9/4 上界|研究复矩阵乘法的渐近运算复杂度。
371|高维多点 Seshadri 常数|研究线丛在多个点处的局部正性。
372|极化曲面的 Seshadri 极值|研究任意光滑曲面多点正性常数的最大值。
373|正特征中的多点 Seshadri 常数|研究正特征几何中的局部线丛正性。
374|平均收益奇偶博弈|用拟多项式算法计算收益与奇偶约束的策略。
375|无噪高斯回归的内存与精度|比较精确观测下学习内存与恢复能力。
376|ℓ¹ 的度量 Markov 余型|研究随机游走数据在 ℓ¹ 中的平均行为。
377|度量下降与保秩收缩|从半正反典范度量构造保持秩的几何变换。
378|FK 与生成树地图的度量极限|研究离散随机地图的距离和测度如何连续化。
379|球面感知机的微观堵塞|研究负间隔模型的可行性阈值与接触分布。
380|树势与路径成本的中点凸性|从有界树势估计 Banach 空间的渐近凸性。
381|递归势产生的中点凸性|用两个递归场研究树范数的几何性质。
382|线段空间中的中点透镜|研究线段森林对偶空间的中点结构。
383|阿贝尔簇的 Milne 有理性|研究 Hodge 类配对在不同上同调实现中的有理性。
384|极小度量与内部单射性|研究数值有效伴随除子的内部截面结构。
385|广义对数对的极小模型|研究极小模型或 Mori 纤维空间的存在。
386|数值维数一的极小模型|研究复射影空间典范除子的双有理模型。
387|虚二次数域上的椭圆曲线模性|联系椭圆曲线与虚二次数域中的自守形式。
388|正整数中的单色和与积|研究有限染色中能否同时找到单色有限和积。
389|平面曲线的 Nagata 猜想|联系曲线次数与许多一般点处的重数。
390|临界 FK 界面的自然占据测度|研究随机界面点数测度的连续极限。
391|近包含算子代数的空间嵌入|检验一侧距离很近是否产生小酉变换嵌入。
392|最稀疏割的半正定整数差距|构造松弛解与真实图割相差很大的实例。
393|Littlewood 多项式的最大与最小值|同时控制正负一系数多项式在圆周上的振幅。
394|平面首达渗流的双向测地线|研究双向无限最短路径是否存在。
395|准传递图的临界渗流|研究临界点处无限连通簇是否存在。
396|同伦相同却不同胚的四维流形|比较无高阶同伦流形的同伦与拓扑结构。
397|任意群上的非奇异方程组|研究有限方程组能否在扩张群中同时求解。
398|Markov 型与超自反性|联系随机游走的度量行为与 Banach 几何。
399|三维标量电导率的非唯一性|研究不同电导率能否产生相同边界观测。
400|周期硬球 Boltzmann 方程的非唯一性|研究相同初值能否产生不同的整体解。
401|非可和图上的渗流非唯一性|研究多个无限连通簇同时存在的参数范围。
402|局部守恒下的 Boltzmann 非唯一性|检验质量、动量与能量守恒是否保证唯一解。
403|核维数与 Jiang–Su 稳定性|比较没有初等子商的核 C* 代数的两种性质。
404|数值有效伴随除子的半丰沛性|研究数值条件能否产生足够的代数截面。
405|紧 Kähler 流形的数值半丰沛性|研究数值有效伴随类的几何实现。
406|非交换公式的单点检测|构造一组有理矩阵检测非零非交换表达式。
407|单样本拟阵先知不等式|研究面对强对手时有限样本的在线选择能力。
408|单侧负曲率与全纯 Liouville 性|比较负曲率条件和有界全纯函数的行为。
409|Galois 群的开同态|研究数域绝对 Galois 群之间的连续开映射。
410|Thorp 洗牌的最优混合阶|估计洗牌次数如何随牌数的对数增长。
411|轨形与对数 Iitaka 次可加性|比较整体空间、底空间和纤维的 Kodaira 维数。
412|乘法函数的二点关联|研究 Liouville 函数沿两条仿射表达式的关联。
413|复合秩下的 P=W 猜想|比较 Higgs 模空间中的几何滤过与权滤过。
414|三正则二部平面图的 Hamilton 环|研究能否用一个环经过所有顶点。
415|Artin 群的抛物子群交|研究任意抛物子群相交后是否仍为抛物子群。
416|Weisfeiler–Leman 等价见证|用奇偶提升与树宽有界图分析图识别能力。
417|退化 Ricci 平坦树上的椭圆界|用路径选择控制重整化几何能量。
418|完美完备的二对一博弈|研究约束博弈中区分完全可满足实例的难度。
419|Petty 投影体体积猜想|比较固定体积凸体的投影体极小值。
420|平面图距离的 L¹ 嵌入|研究能否用统一距离扭曲表示平面图。
421|混合变换的多重遍历平均|研究多个时间尺度乘积的逐点收敛。
422|四重遍历平均的逐点收敛|研究 n、2n、3n、4n 时刻的平均。
423|三重遍历平均的逐点收敛|研究混合动力系统中三时刻乘积的极限。
424|非交换有理公式的检测列表|构造多项式规模的矩阵测试集合。
425|固定度序列图的交换链混合|估计随机换边算法生成图的混合时间。
426|有能隙格点基态的 PEPS 近似|用多项式规模张量网络表示二维量子基态。
427|布尔预言机到酉操作|研究从布尔查询高效合成量子酉变换。
428|有序二进制矩阵的移除界|构造不能满足多项式移除估计的矩阵模式。
429|蜂窝桥路径的多项式表示|研究临界路径的真空表示与桥质量。
430|标准映射的正度量熵|研究大参数下经典二维混沌映射的复杂度。
431|SU(2) BFSS Hamilton 量的正谱|研究相对量子 Hamilton 量中的正特征值。
432|大素数间隙的正密度|研究超过任意指定对数尺度的素数间隙比例。
433|正标量曲率与余维二宽度|研究曲率条件如何限制空间的有效宽度。
434|正标量曲率与拓扑非本质性|研究正曲率流形基本类在分类空间中的像。
435|正曲率 Einstein 四维流形|研究满足 Einstein 条件的四维空间分类。
436|Serre 相交重数的正性|研究代数几何相交数在混合特征下的符号。
437|高斯回归的后验副本|估计条件观测后保留的信息量。
438|Yau 零点集上界的反例|研究 Laplace 特征函数零集体积的幂律增长。
439|前缀指令与不可压缩流|用历史处理器实现改变面积和擦除信息的指令。
440|平凡典范三维簇的大体积极限|构造具有指定中心电荷的稳定条件。
441|素数前一项的因子奇偶性|研究 p−1 无平方因子且素因子数为偶数的素数。
442|Artin 原根猜想|研究指定整数成为模素数原根的频率。
443|浅层量子电路的奇偶下界|研究常深度量子电路计算奇偶性的能力。
444|球面投影矩与 Riesz 估计|控制球冠质量下随机投影的矩。
445|射影 Hodge 线与 Iitaka 次可加性|联系纤维化的 Hodge 结构和几何维数。
446|拉格朗日纤维化的射影底空间|研究不可约全纯辛空间的纤维化底空间。
447|二维 Anderson 模型的纯点谱|研究任意正无序强度下的谱局域化。
448|三维球面扭结的美容手术|研究不同 Dehn 手术能否得到相同定向流形。
449|QAOA 与 SK 基态能量|研究量子近似优化在热力学优先极限中的表现。
450|单位核电荷库仑能的计算难度|研究近似多电子连续基态能量的量子复杂度。
451|Foulkes–Howe 映射的二次稳定|研究对称幂之间典范映射的稳定范围。
452|强算子铺分的二次界|研究任意极大交换子代数上的分块近似。
453|近 Kerr 演化的定量不可延拓性|研究旋转黑洞附近一般真空扰动的 C² 边界。
454|van der Waerden 数的巨大下界|研究多色等差数列所需长度的增长。
455|硬球玻色气体的耗减与动量|研究未凝聚粒子的 Bogoliubov 分布。
456|固定排斥势下的量子耗减|计算三维玻色气体偏离凝聚态的比例。
457|等差数列的拟多项式界|研究倒数和发散的整数集中的等差结构。
458|Siegel 三维簇曲线的四元数点|研究 Zilber–Pink 问题中的特殊除点。
459|弱无序 FK–Ising 的固定环境极限|研究随机键扰动后的界面 SLE 普适性。
460|弱随机键 Ising 的 SLE₃ 极限|研究固定无序环境中的共形界面收敛。
461|一般弱随机键的 SLE₃ 极限|把界面普适性扩展到一般有界随机扰动。
462|蜂窝多边形的长度分布|研究径向转移估计与临界直径尾部。
463|比较半径与平均维数|联系算子代数的比较尺度与动力系统维数。
464|完整有限层级的自守分解|研究尖点函数的 Ramanujan–Arthur 结构。
465|FK–Ising 地图上的随机游走|把离散行走联系到 Liouville 布朗运动。
466|随机坐标系与部分排列|研究 Thorp 洗牌全排列分布的混合界。
467|坐标扫描的随机子空间测试|用迹平滑控制 Thorp 洗牌的分布。
468|平均收益博弈的随机算法|用拟多项式时间计算零阈值获胜集合。
469|Quillen 猜想与有理同调|利用同调检测有限群中的 p-子群结构。
470|Arthur 典范滤过的有理性|研究指定特征条件下无分歧滤过的定义域。
471|由特征模 Milnor K 理论重建|从模特征的代数信息恢复函数域。
472|由模 ℓ Milnor K 理论重建|研究高超越次数函数域的恢复。
473|规则轨迹与量子奇偶性|通过剪枝分析常深度量子电路。
474|对数 Calabi–Yau 纤维化的分母|研究相对除子的统一分母与有效系统。
475|有限因子的单算子生成|研究 II₁ 因子能否由一个算子生成。
476|可分商问题的相对独立性|研究 Banach 空间商结构与基础公理的关系。
477|圆域的可去边界与刚性|研究边界可去性是否决定共形映射的刚性。
478|临界蜂窝路径的更新结构|利用换测度与更新过程研究空间增长指数。
479|内存受限推断中的观测替换|研究换成独立高斯观测后剩余信息的变化。
480|高余维测度的可求长性|用 Riesz 变换识别规则曲面结构。
481|具有焦散领的台球刚性|研究凸台球何时必须为椭圆。
482|图灵度的刚性|研究可计算性等级的序自同构。
483|Rokhlin 多重混合问题|研究一次混合是否意味着所有有限阶混合。
484|Thorp 扫描的表示收缩|用路由密度研究洗牌信息的衰减。
485|坐标扫描的行列对称性|研究 Thorp 洗牌的全排列混合时间。
486|弱有限程 Ising 作用的 SLE₃|研究小范围相互作用扰动后的轮廓普适性。
487|标量势与慢时钟流体计算|用受外力驱动的流体实现计算程序。
488|四维量子场的尺度与共形对称|研究一类量子场中两种对称性的关系。
489|纤维空间与好典范模型|研究 Campana–Peternell 几何维数不等式。
490|参数小于一的随机簇界面|研究自对偶方格模型的边界曲线。
491|射影簇的半代数万有覆盖|研究正常射影空间万有覆盖的代数结构。
492|非对角 Ramsey 数的对数指数|精细估计避免两类单色完全图的规模。
493|一维 Lieb–Thirring 最优常数|研究一维量子算子负谱的尖锐界。
494|Brenier 映射的三分之一次稳定性|研究最优输运映射对分布变化的敏感度。
495|离散立方体的二进制信息收缩|估计噪声作用后保留的二元信息。
496|CAT(0) 空间的尖锐填充|研究整数循环所需的最小填充体积。
497|二维 O(4) 模型的尖锐质量界|估计低温自旋关联的衰减尺度。
498|光滑曲面的尖锐零点长度|估计 Laplace 特征函数零集的长度。
499|矩阵势的一维 Lieb–Thirring 界|控制矩阵 Schrödinger 算子的负谱。
500|稳定 Morse 数之下的 Floer 界|构造高维辛空间，研究不动点下界的尖锐性。
501|短埃及分数表示|研究有理数能否用较少单位分数相加表示。
502|蜂窝多边形的带符号传播|研究环权重与带标记多边形的临界指数。
503|Thorp 洗牌的张量密度|用带符号图解预算估计全排列分布。
504|可判定字问题群的简单扩张|把群嵌入具有 F∞ 性质的简单群。
505|单带计算的低空间模拟|研究时间 T 的计算能否用 T 的五分之二次方空间模拟。
506|同时原根的条件化素数界|在指定条件下统计多个素数底数共同为原根的情形。
507|度量 k-中位数的精确预算恢复|研究单指数恢复算法与受限价格的严格性。
508|单折 Diophantine 表示|研究可枚举集合能否有唯一辅助解的多项式表示。
509|双柱体覆盖的斜率扰动|调整方向场，改进四面体柱体覆盖的面积。
510|单边界片的各向异性 Calderón 问题|从同一小块边界测量恢复内部光滑结构。
511|十维非二次仿射极大图|研究整个空间上的光滑仿射极大曲面。
512|三四维零点集上界的反例|构造光滑度量，研究特征函数零集增长。
513|曲面等距浸入四维空间|研究闭 Riemann 曲面在欧氏四维中的实现。
514|Snaky 棋形的二十一手策略|研究 Maker 如何在对抗落子中完成六格棋形。
515|带电时空 Penrose 面积界|联系包围面积、质量、电荷与等式刚性。
516|临界 FK–Ising 地图的谱收敛|研究随机地图 Laplace 谱的连续极限。
517|三维谱标量曲率与宽度|用谱曲率条件限制空间的 Urysohn 宽度。
518|高维谱标量曲率的统一宽度|研究曲率谱条件对几何尺寸的控制。
519|量子 Heisenberg 铁磁体的磁化|研究三维以上自旋系统的自发磁化。
520|方格 FK 界面与嵌套环|研究参数一至四之间的临界随机曲线。
521|任意距离上的随机 k-服务器|估计在线移动服务器响应请求的竞争比。
522|四次多项式的无平方因子值|研究多项式取值避免素数高次幂的频率。
523|稳定子轨道与厚张量理想|分类 Morava 作用保持的理想及局部谱范畴。
524|散焦 Schrödinger 方程的自相似爆破|研究超临界环面方程的稳定有限时刻奇异性。
525|任意域上的精确矩阵乘法|用交错提取改进固定域的矩阵乘法指数。
526|典型 SK 初态的伸展指数障碍|估计低温自旋玻璃接近平衡的时间下界。
527|首达渗流极限形状的严格凸性|研究平面随机最短路边界的光滑程度。
528|平面区域的严格热斑|研究特征函数极值与内部临界点的位置。
529|强 Ulam 稳定性与可和性|联系群的近似酉表示与可和性质。
530|三维微分同胚的强近似|研究低 Sobolev 指数下同胚的光滑逼近。
531|高指数下的三维强近似|研究 p 大于二时 Sobolev 同胚的光滑逼近。
532|顶点算子代数与共形网|研究强有理酉代数产生的共形场结构。
533|Lp 空间的次多项式降维|研究有限点集能否低扭曲地表示在更低维空间。
534|对数凹采样的低查询复杂度|减少从良态高维分布采样所需的查询。
535|更快的子集和算法|研究最坏情形下 O(2^0.49n) 的随机计算。
536|无噪高斯回归的内存样本下界|用子球面方法估计流式学习的资源需求。
537|有紧商的半代数区域对称性|研究复空间有界区域的几何对称结构。
538|高维辛球堆积|研究多个球在辛空间中无交叠放入的条件。
539|对称极性乘积中的辛球|研究凸体与极体乘积的辛容量。
540|Talagrand 离散凸性猜想|研究高概率集合族的并覆盖与统一成本界。
541|多标记点的温和 Hecke 特征层|构造带多处层级条件的几何 Langlands 对象。
542|四维驯服结构的相容性|研究驯服几乎复结构能否由相容辛形式实现。
543|平均曲率流首次奇点的切流|研究嵌入曲面演化中放大极限的唯一性。
544|例外群分歧位置的温和性|研究一般尖点自守表示的局部谱性质。
545|偶自旋群的张量饱和性|研究表示张量积中不变向量的存在。
546|射影对数四维簇程序的终止|研究有理边界下极小模型变换的有限性。
547|Kähler 四维簇广义典范翻转|研究指定广义数据下翻转序列能否停止。
548|广义对数典范翻转的终止|研究紧 Kähler 四维空间的双有理程序。
549|阿贝尔 Zilber–Pink 猜想|研究阿贝尔簇中不寻常相交的分布。
550|度量 k-中位数的近似阈值|研究选择 k 个服务中心的最优可近似程度。
551|Lex-plus-powers 的 Betti 界|比较 Artin 代数的 Hilbert 函数与自由分解。
552|Bass 迹与群环幂等元|研究群环投射模的迹与特征零幂等元。
553|逐块 Alperin 权猜想|比较有限群模表示的简单模与权的数量。
554|Bogomolov–Pop 函数域重建|从 Galois 结构恢复高超越次数函数域。
555|稳定径向势的 Boltzmann–Grad 极限|从牛顿粒子气体推导非线性 Boltzmann 方程。
556|六维 Campana–Peternell 猜想|分类切丛数值有效的 Fano 六维簇。
557|平面 XY 模型的临界自旋场|研究临界点处离散自旋的连续缩放极限。
558|Deligne–Drinfeld 猜想|研究 Grothendieck–Teichmüller Lie 代数的生成结构。
559|奇数层级的 2 进 Hecke 代数|研究模形式对应代数的不可约分支维数。
560|Zilber–Pink 的 E×CM 部分|研究阿贝尔曲面模空间曲线的特殊相交。
561|欧氏 Steinitz–Bergström 定理|给向量序列选择正负号，控制各部分和。
562|欧氏平面的五色着色|研究五种颜色能否避开单色单位距离点对。
563|顶点覆盖的两倍近似阈值|研究覆盖所有边所需顶点数的近似难度。
564|所有维数的 Falconer 距离问题|研究高维分形点集产生的距离集合。
565|高斯风车分割的极值|控制高斯分割各部分一阶矩平方和。
566|双弧边界的整数高度场|研究三角格点高度的高斯自由场极限。
567|平衡六顶点模型的高斯极限|计算格点高度场方差的参数系数。
568|广义 Mukai 猜想|联系 Fano 流形的维数、Picard 数与伪指数。
569|Grothendieck 同伦假设|研究高阶群胚与同伦空间之间的对应。
570|Hilbert–Smith 猜想|研究连续作用于有限维流形的局部紧群。
571|平直三维环面的等周问题|分类固定体积下边界面积最小的区域。
572|三维 Kakeya 极大猜想|研究各方向细管中的最大平均。
573|轴对称带电旋转时空的面积界|联系 Kerr–Newman 质量、角动量和电荷。
574|素数三处的 Kervaire 不变量|研究模三 Adams 谱序列中的特殊拓扑类。
575|群的 Kervaire 定理|研究自由积所需的正规生成元素数量。
576|Kirchberg–Rørdam 特征判据|联系中心序列无角色与 Jiang–Su 吸收。
577|一般凸体的 Mahler 猜想|研究凸体及其极体的最小体积乘积。
578|函数域的 Margulis–Platonov 猜想|研究代数群有理点的非中心正规子群。
579|数域的 Margulis–Platonov 猜想|由局部群描述有理点群的正规子群。
580|稀释自旋玻璃的 Mézard–Parisi 公式|研究分层腔方法给出的极限自由能。
581|PPAD 的概率可检查证明|研究均衡计算问题的准线性局部验证归约。
582|划分原理与选择公理|研究划分原理是否足以推出选择公理。
583|渐近双曲初值的 Penrose 不等式|研究三维极大初值的质量与最小包围面积。
584|素数前项的 Poisson–Dirichlet 律|研究 p−1 的素因子大小分布。
585|准 Riemann 假设的 11/12 证明|研究 Dirichlet L 函数的无零点半平面。
586|准 Riemann 假设的 7/8 区域|研究 Hecke 与 Dirichlet L 函数的零点范围。
587|铁磁四状态 Potts 重建阈值|判断沿树广播的四状态信息何时可恢复。
588|正特征的受限几何 Langlands 等价|研究光滑射影曲线上的受限范畴对应。
589|每个素数处的 Selmer 逆命题|研究余秩零或一与椭圆曲线解析秩的关系。
590|r(5,t) 的尖锐对数指数|精细估计五阶完全图的非对角 Ramsey 数。
591|随机删三角形的最终余图|研究不断删除随机三角形后剩余的边数。
592|四维 Singer 猜想|研究无高阶同伦四维流形的 L² Betti 数。
593|极小超曲面的最小体积|比较球面中极小超曲面的体积下界。
594|素数二处球面的稳定 Hurewicz 像|研究稳定同伦类进入模二同调后的像。
595|强超 Kähler SYZ 猜想|研究各向同性线丛与拉格朗日纤维化。
596|亚临界 Hénon–Lane–Emden 系统|研究非线性椭圆系统的正解是否存在。
597|唯一博弈问题|研究近乎可满足约束系统的计算难度。
598|特殊紧 Kähler 空间的交换性|研究基本群是否含有限指数的交换子群。
599|三至九维仿射 Bernstein 定理|研究完整凸仿射极大图的形状刚性。
600|算术范畴与格点因子的稳定恢复|从扭曲群因子的同构恢复群与余循环。
629|离散群的 ℓ¹-Bass 猜想|研究完备群代数幂等矩阵的 Hattori–Stallings 迹。
630|对数 Brunn–Minkowski 猜想|研究原点对称凸体对数插值的体积关系。
631|低温 SK 模型的涨落尺度|估计自旋玻璃自由能标准差的增长量级。
632|低温 SK 自由能的极限分布|研究热力学极限下自由能涨落的概率规律。
633|对称点的极大三角 Hilbert 变换|控制任意复值输入的逐点最大奇异积分。
634|六维互无偏基的最大数量|研究量子测量中互无偏正交基能有多少组。
635|椭圆曲线二次扭转的平均解析秩|研究按判别数增长时秩的平均值。
636|度量 Blaschke 猜想|研究全局注入半径与直径相同的闭流形。
637|非极大反德西特 Penrose 不等式|研究初值质量、边界面积与原数据刚性。
638|四维归一化体积的差距|估计四维 klt 奇点的归一化体积上限。
639|普通二重点的体积差距|比较光滑点与奇异点的归一化体积。
640|p 进截面猜想|研究高亏格曲线的有理点与基本群截面。
641|周期自旋一链的 Haldane 能隙|研究偶数环上反铁磁 Heisenberg 链的能隙。
642|CM 阿贝尔簇的有理 Hodge 猜想|研究复乘阿贝尔簇的 Hodge 类能否代数化。
643|K3 曲面乘积的 Hodge 类|研究有限乘积上的有理类与代数循环。
644|反向对数 Kodaira 不等式|研究连通纤维态射中的维数加法关系。
645|第二 Kahn–Kalai 猜想|比较随机图出现指定子图的阈值。
646|对称 Bernoulli 矩阵的奇异概率|研究随机正负一矩阵不可逆的指数概率。
647|树上自由 Ising 的 IID 因子阈值|研究自旋分布能否由独立随机标签生成。
648|偏置对称符号矩阵的奇异率|估计正负一概率不等时矩阵不可逆的概率。
649|时空 Penrose 不等式与包围面积|联系高维初值外部的质量与最小包围面积。
650|带电 Penrose 界与初值刚性|在能量与衰减条件下联系质量、电荷和面积。
651|三维量子铁磁体的球面磁化律|研究各向同性 Heisenberg 模型的磁化分布。
652|双正交不变无序的球面感知机|计算随机感知机模型的极限自由能。
653|强薄生成树猜想|寻找穿过每个割集的边数都较少的生成树。
654|对称 Mahler 猜想的等式分类|研究对称凸体与极体的最小体积乘积。
655|用迹锥分类稳定化算子代数|研究 Razak–Jacelon 稳定化的完整不变量。
656|低余秩椭圆曲线的二主 BSD 公式|研究 Selmer 余秩至多一时的二主算术因子。
657|SU(N) BFSS 的阈值束缚态|研究有限 N 矩阵量子力学的零能态结构。
658|弱非齐次 Duffin–Schaeffer 猜想|研究带固定偏移的有理数逼近。
659|平面固定点距离的弱定理|研究从多数点出发能看到多少种不同距离。
660|热 FK–Ising 界面与带质量 SLE|研究非零质量参数下的随机界面极限。
661|各严格高维的 Thomason 模型结构|研究高阶范畴与同伦空间的模型对应。
662|Thompson 群 F 的非可和性|研究经典分段线性变换群的可和问题。
663|纠缠博弈的阈值并行重复|估计多次博弈中高比例获胜的概率衰减。
664|μ 不变曲面奇点族的拓扑稳定|研究 Milnor 数不变时拓扑类型是否保持。
665|迹投影与统一 Gamma 性质|研究有限核算子代数的中心序列结构。
666|平移覆盖的 n log n 密度|研究高维对称凸体覆盖密度的下界。
667|二进制编辑距离的树构造|估计字符串距离嵌入 ℓ¹ 的扭曲下界。
668|平面库仑重整能的三角最优性|比较不同粒子排列的重整化能量。
669|不同整数斜率的三重遍历平均|研究混合变换多时刻平均的逐点极限。
670|随机轮流平均收益博弈|用确定性拟多项式算法计算长期收益策略。
671|特殊拟射影空间的两步单值性|研究基本群的复线性表示。
672|超平坦实 Littlewood 多项式|研究正负一系数多项式的近恒定圆周振幅。
673|平方根次数界的无界反例|比较布尔函数次数与影响量的增长。
674|Weisfeiler–Leman 等价的时间下界|研究图细化等价判定的无条件复杂度。
675|弱 MTW 下的双 Hölder 输运|研究最优输运映射与逆映射的统一正则性。
676|Fano 型收缩的统一 Cartier 截面|研究受控边界下除子截面的有效性。
677|∞-调和函数的内部梯度界|研究梯度的统一 Hölder 连续性。
678|正特征的统一矩阵检测点|用一个矩阵替换检测所有受限非交换公式。
679|弱可逆质量作用系统的永久性|研究反应网络长期是否远离边界与无穷。
680|统一多典范 Iitaka 纤维化|研究固定维数下统一次数定义的纤维化。
681|球面 Laughlin 能隙的稳定性|研究扰动后量子霍尔基态与能隙是否保持。
682|随机 k-服务器界的统一计算|构造有限有理距离上的在线服务算法。
683|四维有效对数 Iitaka 纤维化|研究有限有理系数下统一纤维化次数。
684|库仑分子的过剩电荷|估计分子可束缚电子数与中性原子外半径。
685|Landau–Siegel 零点的统一排除|研究实 L 函数靠近一的特殊零点。
686|半对数典范 Calabi–Yau 的统一指数|研究固定维数与系数条件下典范类的阶数。
687|统一对数纤维化与模分母|控制高维对数 Iitaka 纤维化的有效次数。
688|蜂窝带标记多边形的统一估计|研究两个标记点下的桥长度矩。
689|删除轨迹的统一重建算法|从随机删字符样本恢复任意二进制字符串。
690|三角格点的实 Lipschitz 曲面|研究随机实高度的高斯自由场与 SLE₄ 极限。
691|正双截曲率 Kähler 流形的统一化|研究完整非紧复空间的全纯几何类型。
692|可酉化与离散群可和性|研究一致有界表示能否变成酉表示。
693|最终静止外力下的通用计算|用 Navier–Stokes 粒子实现最终稳定的计算外力。
694|对称群的通用张量平方|研究包含所有不可约表示的张量平方。
695|紧 Kähler 流形万有覆盖的分裂|研究切丛分解是否对应覆盖空间的乘积分解。
696|三角格点的普遍能量最优性|比较平面粒子构型在多种势函数下的能量。
697|强 Kadison–Kastler 稳定性|研究接近的冯诺依曼代数之间的小酉共轭。
698|临界 SK 淬火自关联的普适性|研究平稳与淬火关联的联合函数极限。
699|素数二处的无约束 pro-模性|研究二维 2 进 Galois 表示的模性。
700|高阶有界 Hochschild 上同调的消失|研究冯诺依曼代数中高阶余循环是否为边界。
701|可变维 Weisfeiler–Leman 等价|研究一般图和次三次图上的判定复杂度。
702|随机 k-SAT 停时的方差|估计随机公式首次不可满足时刻的涨落。
703|由速度场检测流体计算|研究受外力流体速度如何反映计算状态。
704|射影完全交的 Virasoro 约束|研究 Gromov–Witten 后裔不变量的对称约束。
705|射影化下的 Virasoro 约束|研究向量丛射影化如何传递枚举几何关系。
706|双曲单关系群的虚紧特殊性|研究群能否通过有限覆盖获得特殊立方结构。
707|RCD 空间每条测地线的弱 Hessian 界|研究非光滑曲率空间中的二阶微分控制。
708|纯类型系统的弱与强正规化|研究存在终止化简是否保证所有化简终止。
709|无理角三角台球的弱混合|研究轨道相关性随时间的消失。
710|弱纯无限性与 O∞ 吸收|研究算子代数中无限性和稳定吸收的关系。
711|欧拉函数纤维的大小|研究多少不同整数能具有同一个欧拉函数值。
712|阿贝尔幂中的 Weil 与 Hodge 类|研究六维阿贝尔簇自乘积的代数上同调类。
713|见证对称选择的表达能力|比较带见证选择与带计数无选择计算。
714|Einstein 四维空间的零平面刚性|研究零截曲率平面对整体几何的限制。
715|非剩余有限的无挠双曲群|构造无法由有限群分离所有元素的双曲群。
716|丰沛二阶丛的正度量障碍|研究二次曲面上的 Griffiths 正度量。
717|轨迹重建的定量下界|估计从随机删除样本恢复字符串所需次数。
718|虚多循环群的拟等距识别|研究大尺度距离结构是否决定群的类型。
719|素数的加法不可分解性|研究素数集合能否分解为两个非平凡集合的和。
720|五次 Liénard 系统的极限环|限制经典五次平面系统的周期轨道数量。
721|平面多项式极限环的统一界|限制指定次数系统中的孤立周期轨道数。
